名字,链接,地址,介绍,开放时间,图片链接,评分,建议游玩时间,建议季节,门票,小贴士,Page,城市,最佳景点数量
北礁,http://travel.qunar.com/p-oi36246835-beijiao,,北礁位于西沙群岛。珊瑚礁在岛屿边缘生长，就像给海岸镶嵌上了彩色的珊瑚边，海平面上升覆盖了整个岛屿就成为了现在的北礁。北礁的珊瑚发育得比较好，海底生物多样，特别适合拍摄。,,,5.0,,,具体收费情况以现场公示为主,,1,三沙,36
新疆东道海子沙漠风光旅游区,http://travel.qunar.com/p-oi38341725-xinjiangdongdaohaizisha,,新疆东道海子沙漠风光旅游区，来到这里能看到海子上成群的白色水鸟，它们安祥的在这片属于它们的天空下游弋。蓝天、碧波、白色的鸟还有这大片的沙漠组成了一片美丽的图画。,,,5.0,建议游览时间：2小时 - 4小时,,具体收费情况以现场公示为主,,1,五家渠,28
滇中植物园Dianzhong Botanical Garden,http://travel.qunar.com/p-oi19494276-dianzhongzhiwuyuan,,"滇中植物园位于玉溪，园内种植了大量的花卉，有金盏菊、美女樱和薰衣草，每当鲜花盛开时，红色、黄色和紫色的花儿随风摇曳，格外迷人，非常适合拍照。
",,,5.0,建议游览时间：3小时,,,,1,玉溪,21
花乡农家乐旅游区,http://travel.qunar.com/p-oi722470-huaxiangnongjialelu:you,"

地址:
湖南省益阳市赫山区黄泥湖乡仙蜂岭村

",益阳花乡农家乐旅游区位于赫山区黄泥湖乡仙蜂岭村，距益阳市中心城区6.5公里，被资水和志溪河环抱。仙蜂岭是闻名遐尔的花会之乡。早在上个世纪九十年代，仙蜂岭人集前辈的智慧和经验，进行花卉苗木的生产栽培。至今发展到300多户花农，1600多亩花卉苗圃，1700多个品种。旅游区内有农家乐经营户28户，其中特色鲜明的有杨梅山庄、李家庄、望江园、江岸春、天然阁等景点。,8：00--18：00,,5.0,,,0元/人,,1,益阳,20
陆羽纪念馆Lu Yu Memorial Hall,http://travel.qunar.com/p-oi24412243-luyujinianguan,"

地址:
文学泉道与西寺路交叉口西北100米

",,全年 7:00-19:00,,5.0,建议游览时间：2小时,,,,1,天门,19
漠河极地体验馆 (中国科技馆分馆),http://travel.qunar.com/p-oi38952594-mohejiditiyanguan_,,漠河极地体验馆，整馆建筑面积，约为3100平方米，主展厅以“感受极地特色，培养极地兴趣”为主题，并将科技内容和极地特色相结合，设置了 极地自然、极地探索、冰雪之恋三个展区、共33件展品。极地馆的吉祥物--北极熊憨憨、这个展项运用了初级的AI智能处理，可以跟大家进行简单的对话，展项模拟极光：漠河是全国境内可以看到北极光的城市，尤其在北极村更是观测位置。通过这个展项，大家可以更清楚的了解他的生成原因，漠河观测极光的时间窗口为夏至前后—万里无云观测条件好和冬至前...漠河极地体验馆，整馆建筑面积，约为3100平方米，主展厅以“感受极地特色，培养极地兴趣”为主题，并将科技内容和极地特色相结合，设置了 极地自然、极地探索、冰雪之恋三个展区、共33件展品。极地馆的吉祥物--北极熊憨憨、这个展项运用了初级的AI智能处理，可以跟大家进行简单的对话，展项模拟极光：漠河是全国境内可以看到北极光的城市，尤其在北极村更是观测位置。通过这个展项，大家可以更清楚的了解他的生成原因，漠河观测极光的时间窗口为夏至前后—万里无云观测条件好和冬至前后夜晚较长，但是据漠河气象部门近50年的监测，每年可以看到极光的次数平均在5次左右。展项极昼与极夜的形成：形成的三大要素是地球绕太阳的公转轨道、地球自转及地球倾斜角，一年中有6个月时间两极之中总有一极朝着太阳，全是白天；另一个极背向太阳，全是黑夜。南、北极这种神奇的自然现象是其他大洲所没有的。大家可以通过触摸屏在仔细了解它的科学原理。展项绚丽极光影院：感受极光的魅力，影片是采用奇幻穿越的手法演示极光，让大家能身临其境的观看极光出现时瑰丽壮观的景象，了解极光从出现到消失的全过程代表性展品：小球大世界，球体采用碳纤维材料，直径是174厘米，运用美国大气海洋管理局NOAA精心打造的素材资料，向我们投射展示的是整个星球大世界的缩影。它包含了天文、地理、大气、海洋、人文、全球卫星云图等各种影像。展项：自星星的你，陨石也被称之为陨星，是从行星际空间穿过地球大气层而陨落到地球表面上的天然固态物体。我们极地馆收藏了两件铁陨石，大家可以将手放在陨石上，或许它跟澳大利亚艾尔湖发现的陨石一样比地球还要古老。展项圆顶冰屋模型：是北极地区原住民因纽特人的独特建筑，雪屋是他们外出打猎、或者放牧驯鹿时临时搭建的住所，大家稍后可以打雪屋打乱重新建造试试。展品听位爷爷讲极地探险故事：位梦华爷爷是第一个进入南极中心地区，也就是南纬80度以南的中国人；他曾9次考察北极，在北极居住的时间累计起来有三年多，作为中国远征北极点科学考察的总领队，1995年5月6日把五星红旗插上了北极点，他是发表和出版有关南极、北极的科普文章和科学专著较多的中国人，中学语文课本里的一篇《旅鼠之谜》就是他写的；他也是在国内和美国，以南极、北极为题材演说较多的中国人。这个展品叫做-观察水结冰，在自然界中，水在-0℃以下时、由液态变为固态，称为结冰。水结冰是一种结晶现象，是由水分子附着在细小的晶核上，不断疑结长大形成的晶体。在不同的温度下，形成的冰晶各不相同。速冻时，迅速生成许多晶核，容易形成许多细小的冰晶。而缓慢冰冻时，生成的晶核较少。大家可以利用放大镜观察一下水结冰的过程。展项叫做不同的隔热材料：材料的保温隔热性能与它的导热性密切相关。导热性能代表物体传递热量的能力，导热性能越好，传递热量的能力越强，保温隔热效果就越差人们通常把导热性能好的材料作为导热材料，把导热性能差的材料作为保温材料，利用保温材料制作出各种衣物、手套等物品来抵御寒冷。展项南极生物链：大家都知道南极大陆是较冷的大陆，迄今为止，世界上记录到的较低温度-93.2℃就是在那里观测到的。虽然极冷，但是南极海域的生物繁茂，截止2009年，被记录到的南极动物就达150种之多，比如说帝企鹅、海豹、南极磷虾等等，大家通过四方的触摸面板，可以了解南极的生态系统。展项生活在北极的动物：这个展项向我们介绍了8种具有代表性的北极动物，比如在海洋公园常见的北极熊、白鲸，还有北极狼、北极地松鼠等等，可以用过插卡答题的方式，了解他们在寒冷冬天是怎样过冬的。这个展项是以中国南极科考站实际地点为原型摆放的，自1985年我国设立第一个常年越冬站—长城站以来，到目前为止我国共建有5座科考站，其中罗斯海站于2018年奠基预计于2022年完工。展项冰雪世界有绿洲：这个展项收录了16种南北极植被的实地照片，大家稍后可以了解一下。里面有一种植物叫做越橘，漠河本地人称它为红豆，这样说可能大家还不是很明白，他的亲戚叫做蔓越莓，大家一定听过，越橘就是生长在中国的蔓越莓，他们两者的营养成分都相差不多。,,,5.0,,,,,3,大兴安岭,18
郭味蕖故居陈列馆Guoweiqu Former Residence Exhibition Hall,http://travel.qunar.com/p-oi703544-guoweiqugujuchenlieguan,"

地址:
东风西街1048号(近三中)


电话:
8327866

",,8:00-17:00,https://tr-osdcp.qunarzz.com/tr-osd-tr-manager/img/142a61452c86faf0c00d680fa2670d6c.gif_480x360x95_3f7dc468.gif,5.0,,,具体收费情况以现场公示为主,,3,潍坊,18
宝塔礁Pagoda Reef,http://travel.qunar.com/p-oi704774-baotajiao,"

地址:
烟台市蓬莱区庙岛西北处的犁具把岛


电话:
0535-6685810

",宝塔礁因礁石形似宝塔而得名。礁石高约21米，直径约5米，其状犹如一座挺立的巨塔，无论从哪个角度观赏，总会领略出不同的天然妙韵，让人为自然力之伟大而赞叹。宝塔礁是由石英岩交替叠压而成，横石纹路将塔分成几个直层，竖立的岩线，又将每一层都割裂成多段，在这纵横交错之下仿佛这塔并不是一个严密的整体，而是一个由大小不等、形状不同的石块堆砌而成的松散的建筑。如今在礁石南侧相邻的小岛上修起了一座洁白的导航灯塔，岛上的白塔与海中的宝塔并肩而立，堪称海上的一道亮丽的风景线。,全年 全天开放,https://img1.qunarzz.com/travel/poi/1803/3e/ad34a1208166e337.jpg_480x360x95_c6c0cefe.jpg,5.0,建议游览时间：1小时,最佳出游时间为夏季，海风湿润凉爽，空气清新，游泳戏水，吃海鲜、漫步沙滩，非常惬意，若是幸运，还可看到海市蜃楼。,免费,1、 长岛温度较低，夜间温度不足20度，建议携带薄的外套。2、 注意防晒，遮阳帽，防晒霜，太阳镜，必不可少。3、 晕船的游客提前做好准备，在长岛游玩，乘船必不可少。,3,烟台,18
沙漠之门景区,http://travel.qunar.com/p-oi36223613-shamozhimenjingqu,"

地址:
新疆维吾尔自治区阿拉尔市十一团

",沙漠之门景区，现有汽车越野挑战赛区、自驾车营地、沙漠戏水、沙漠美食节、沙疗康养、休闲娱乐等七大区域数十项主题娱乐体验项目，是国家沙漠主题公园和新疆十大精品体育赛事所在地。在这里，您可以乘坐热气球或滑翔机，以上帝视角俯瞰大沙漠的广袤；可以乘坐沙漠越野车，体验沙漠冲浪的刺激；可以骑上骆驼，体验沙漠之舟的悠闲；可以凭栏小憩，体验沙漠日光浴的温暖；也可以沙漠露营，享受恬静星河下沙漠的悠远。,全年 全天开放,,5.0,建议游览时间：3天,,10元,,1,阿拉尔,18
毛毛虫小镇,http://travel.qunar.com/p-oi39604257-maomaochongxiaozhen,,邢台毛毛虫小镇位于邢台园博园现代农业园内，该园区集游乐、运动、趣味、探索为一体的新型综合性儿童乐园，也是中小学生农耕文化研学基地，园区内有萌宠乐园、宠物寄存、农事体验、彩虹滑道、卡丁车、旋转木马、丛林穿越、坑爹过山车、小猪快跑等,,,5.0,,,,,1,邢台,17
七仙岭温泉,http://travel.qunar.com/p-oi7528470-qixianlingwenquan,"

地址:
海南省保亭黎族苗族自治县七仙岭温泉旅游区1号七仙岭温泉国家森林公园	

",温泉温度最高可达95℃，现有自喷泉眼7只，日出水量7000多吨，含有多种微量元素，温泉水属硅酸重碳酸钠型水，日出水量3800多L，是海南岛探明的出水量最大、温度最高的温泉，具有清净肌肤、美容、医疗保健等功效。现已建成数家温泉度假村，可供游客度假休闲，活动内容有矿泉疗养康复、观赏民族风情、参加登山观景等。,08:00-22:30,https://tr-osdcp.qunarzz.com/tr-osd-tr-space/img/ca15dd0f2a4200e33c417529fd1f328d.jpg_480x360x95_127bbe0c.jpg,5.0,建议游览时间：6小时,四季皆宜。,30元,,1,保亭,16
安庆寺,http://travel.qunar.com/p-oi39773269-anqingsi,,,,,5.0,,,,,2,周口,16
二佛寺,http://travel.qunar.com/p-oi703238-erfosi,"

地址:
四川自贡市


电话:
86-28-8608095 886080393

",荣县二佛寺沿崖林立，造像上千尊，唐宋时名“浮图崖”，亦称千佛崖。因其众多佛像装金饰彩，阳光照射，金碧辉煌，故又称“金碧崖”。佛像为唐代开凿的弥勒坐佛，佛高5.8米，宽2.6米。左右龛壁上，刻有28小龛120尊造佛。,9:00-18:00,https://img1.qunarzz.com/p/tts7/1712/1b/abc71ad5e259a302.jpg_480x360x95_fc4d597b.jpg,5.0,,,20元,,2,自贡,16
清真西寺,http://travel.qunar.com/p-oi709075-qingzhenxisi,,位于保定市清真寺街15号。保定市原有清真寺9座，现开放的有8座。清真西寺是其中规模最大、历史最久的一座。它始建于明万历四十四年（1616年），修有正殿3间、讲堂及水房，清未民初又以几次扩建修整始具规模。现寺内有房59间，正殿20间，南北讲堂12间，水房18间及工具房、配房等。寺内还有大小碑刻6通。整个寺院保存完好,,https://img1.qunarzz.com/travel/d9/1703/22/da35bfe3b9ac60b5.jpg_480x360x95_43e8d90f.jpg,5.0,,,,,3,保定,15
古宇湖Guyu Lake,http://travel.qunar.com/p-oi713715-guyuhu,"

地址:
内江市隆昌市古湖街道环湖路


电话:
0832-3939535

",古宇湖位于内江市东隆昌县境内，距县城2公里。风景区包括鹅洞飞瀑、古牌坊群、云峰关、云顶寨、云顶场、圣灯山及古宇湖等。古宇湖中岛屿和半岛较多，冬季是候鸟栖息的乐园，很多人来此观鸟。古宇湖是70年代修建的人工中型湖泊，湖中岛屿和半岛较多，冬季是候鸟栖息的乐园。景区内有环湖公路，适合环湖骑行。湖的周围遍布农家乐，尝尝当地美食也是不错的选择。,全年 全天开放,https://tr-osdcp.qunarzz.com/tr-osd-tr-mapi/img/2acd2fe6716b31316d803d5de9b92135.jpg_480x360x95_36268fa8.jpg,5.0,建议游览时间：2小时 - 3小时,,具体收费情况以现场公示为主,,1,内江,15
清代立交桥,http://travel.qunar.com/p-oi7475904-qingdailijiaoqiao,"

地址:
雅安市雨城区上里古镇

",高桥又称清代立交桥，桥面高起，距离水面有十多米，桥身平坦宽阔——这样的设计既保证了人流货运的畅通，也保证了丰水季节的出入安全。高桥是上里古镇过去最大的一座桥梁，也是南丝路驿道进入古镇的主要通道。值得一提的是，在这座石桥东西两端的桥身之下，还各建有一人行通道，这样桥上、桥下皆可通行，被当地人誉为清代的“立交桥”。想当年，高桥上马帮铃响，络绎不绝，桥下则人流如注，来往喧嚣。古镇的热闹，丝路的繁华，在这高桥身上可窥一斑。,全天,https://img1.qunarzz.com/travel/poi/1409/17/4811d34fc56085bffffffffc8d65eac.jpg_480x360x95_09fef857.jpg,5.0,建议游览时间：0.5小时,四季皆宜。,免费,,2,雅安,15
神州半岛灯塔,http://travel.qunar.com/p-oi38603121-shenzhoubandaodengta,,"神州半岛位于万宁市东澳镇，这里的灯塔不仅是海港的守望者，还成为了地标性景点。沿着深入海中的护堤走进去就来到了灯塔脚下。在碧蓝大海的映衬下，红白相间的灯塔格外清新。傍晚时分，在晚霞和海水的映衬下，多彩梦幻的画面便呈现在眼前，让人沉浸在一眼天涯的浪漫中。
",,https://tr-osdcp.qunarzz.com/tr-osd-tr-space/img/26a6baadc09fc8e7c133b1d2e73815fd.jpeg_480x360x95_3b16a170.jpeg,5.0,建议游览时间：0.5小时 - 1小时,,具体收费情况以现场公示为主,,2,万宁,14
中国石油大学,http://travel.qunar.com/p-oi9534915-zhongguoshiyoudaxue,"

地址:
东营市东营区北一路739号


电话:
13805468864


官网:
http://www.upc.edu.cn/

",中国石油大学东营校区地处黄河三角洲的中心城市、生态之城、石油之城，山东东营。建校60多年来，学校形成了鲜明的办学特色，办学实力和办学水平不断提高。在新的历史时期，学校坚持特色发展，开放发展，和谐发展，正在向着“建设国内著名、石油学科国际一流的高水平研究型大学”的办学目标奋力迈进。而且校区内风光秀丽，浓重的文学氛围在这里环绕，让人流连忘返。,全天,https://tr-osdcp.qunarzz.com/tr-osd-tr-mapi/img/86f1c5719e2dbd9c1970c6a6bdf36b9d.jpg_480x360x95_f63e81ed.jpg,5.0,建议游览时间：2小时 - 3小时,,免费,,1,东营,14
四礵列岛,http://travel.qunar.com/p-oi38803653-sishuangliedao,,四礵列岛由北礵、南礵、东礵、西礵等18个岛屿及17个礁石组成，岛上风景秀丽，各种各样的礁石，还有狮子峰、皇帝帽等自然景观，是一个看日出、赏日落的好地方。,,,5.0,建议游览时间：12小时 - 3天,,具体收费情况以现场公示为主,,1,宁德,14
中国人民抗日军政大学第七分校,http://travel.qunar.com/p-oi36272957-zhongguorenminkangrijun,,中国人民抗日军政大学第七分校位于庆阳市华池县，是由抗大附属陆军中学、二分校附属中学和三分校组建而成，有着重要的历史纪念意义。,,,5.0,建议游览时间：0.5小时 - 1小时,,具体收费情况以现场公示为主,,2,庆阳,14
白马寺,http://travel.qunar.com/p-oi714380-baimasi,,在金溪黄通乡黄通村东南5公里的白马峰上，始建于北宋初年。相传本地一江姓进士隐居家后，在山顶盖起一屋，取名“玉马祠”，后一吴僧在屋旁建起一幢寺庙。一日，吴僧迎来一位身骑白马的道长，二人对话片刻，见栓在寺外的白马腾空而起，道长也无踪无影。于是，吴僧便将此寺命名为“白马寺”。“文革”期间，白马寺被毁。1978年后，白马寺拔地而起。1992年，经县人民政府批准对外开放。新建的白马寺古色古香，寺中大雄宝殿金碧辉煌，寺左石砌“古城”形象逼真。寺东数百步有一悬崖石壁，...在金溪黄通乡黄通村东南5公里的白马峰上，始建于北宋初年。相传本地一江姓进士隐居家后，在山顶盖起一屋，取名“玉马祠”，后一吴僧在屋旁建起一幢寺庙。一日，吴僧迎来一位身骑白马的道长，二人对话片刻，见栓在寺外的白马腾空而起，道长也无踪无影。于是，吴僧便将此寺命名为“白马寺”。“文革”期间，白马寺被毁。1978年后，白马寺拔地而起。1992年，经县人民政府批准对外开放。新建的白马寺古色古香，寺中大雄宝殿金碧辉煌，寺左石砌“古城”形象逼真。寺东数百步有一悬崖石壁，高达数十米，俗称“仙女照镜”。寺后有一棋盘井，终年清泉潺潺，供寺庙烧香待客、僧侣沐浴之用。千变万化的四时景色，以及诸多的美丽传说，每年都要吸引数千名香客游人前往烧香旅游。,,https://img1.qunarzz.com/travel/d1/201407/26/4f3f9a017b0e8167c8d65eac.jpg_480x360x95_36f9b281.jpg,5.0,,,,,1,抚州,14
罗什寺塔,http://travel.qunar.com/p-oi716387-luoshensita,,矗立在武威北大街，是为了纪念鸠摩罗什在武成弘扬佛法、翻译经典的功绩而建造的。罗什寺塔最早建于后凉(386―402)，唐时曾大力扩建，明、清皆有修葺。其间于明代成为陕西凉州大寺院，英宗正统十年二月十五日，为罗什寺院颁发了大藏经。并下了圣谕，谕中道：“刊印大藏经，颁赐天下，用广流传，兹以一藏，安置陕西凉州大寺院，永充供养。”此谕现完好保存于武威市博物馆。清康熙二十六《重修罗什寺碑记》载，经过重修的罗什寺“前后三院，焕然一新，乃五凉之福地；壮丽改观，诚河西之胜...矗立在武威北大街，是为了纪念鸠摩罗什在武成弘扬佛法、翻译经典的功绩而建造的。罗什寺塔最早建于后凉(386―402)，唐时曾大力扩建，明、清皆有修葺。其间于明代成为陕西凉州大寺院，英宗正统十年二月十五日，为罗什寺院颁发了大藏经。并下了圣谕，谕中道：“刊印大藏经，颁赐天下，用广流传，兹以一藏，安置陕西凉州大寺院，永充供养。”此谕现完好保存于武威市博物馆。清康熙二十六《重修罗什寺碑记》载，经过重修的罗什寺“前后三院，焕然一新，乃五凉之福地；壮丽改观，诚河西之胜地也”。现存罗什寺塔八角十二层，高32米，全以条形方砖砌成。从下起第三、五、八层均没门，顶部是葫芦形的铜质宝瓶，最上层东西各有小佛龛，龛内有佛像，据说是真金的。,,https://img1.qunarzz.com/piao/fusion/1805/2d/85bcba0eed283f02.jpg_480x360x95_962d86af.jpg,5.0,,,,,1,武威,14
东北神学院,http://travel.qunar.com/p-oi36216001-dongbeishenxueyuan,,东北神学院位于华夏民俗村内，这里景色优美，一到秋天，造型奇特的“古木”枝藤蔓绕，远处的教堂，悬空的“树屋”，眼前的红枫、黄叶和绿树，这些都让人仿佛置身于仙境中。,,https://flight-feed.qunarzz.com/as3/450/image/2022/12/055dfa7a-776f-4192-8352-a711129cdb0c.jpeg_480x360_1403c35e.jpeg,5.0,建议游览时间：1小时 - 2小时,,具体收费情况以现场公示为主,,1,沈阳,14
红龙湖公园,http://travel.qunar.com/p-oi711255-honglonghugongyuan,"

地址:
泸州市古蔺县城北部

",红龙湖省级森林公园位于古蔺县城北部，距县城区19.5公里，与黄荆景区紧密相连，面积达30平方公里。整个湖区由红龙湖、月儿湖、琴蛙湖等大小7个湖泊组成，象七颗璀灿的明珠镶嵌在海拨1600多米的崇山峻岭之中，最高峰新街坪达845米。湖区四周青山环抱，绿树掩映，水如明镜，湖中小船漫游，鱼歌悠悠。细雨蒙蒙时，四周高山葱笼翠绿，云雾缠绕其间，似玉带缠腰；以红龙湖为中心的水面，则薄雾缭绕，亲临红龙，如入仙山美景。夏日炎炎，这里凉爽舒适、空气清新、花香鸟语、格外幽静、湖区上...红龙湖省级森林公园位于古蔺县城北部，距县城区19.5公里，与黄荆景区紧密相连，面积达30平方公里。整个湖区由红龙湖、月儿湖、琴蛙湖等大小7个湖泊组成，象七颗璀灿的明珠镶嵌在海拨1600多米的崇山峻岭之中，最高峰新街坪达845米。湖区四周青山环抱，绿树掩映，水如明镜，湖中小船漫游，鱼歌悠悠。细雨蒙蒙时，四周高山葱笼翠绿，云雾缠绕其间，似玉带缠腰；以红龙湖为中心的水面，则薄雾缭绕，亲临红龙，如入仙山美景。夏日炎炎，这里凉爽舒适、空气清新、花香鸟语、格外幽静、湖区上下一片绿色的海洋，使人心旷神怡；隆冬季节，这里银装素裹，白雪皑皑，玉树琼花，一派北国风光，独特的南方雪景，更令人心醉神迷。离红龙湖三公里处的虎头山，地形险要，景观奇特，可观日出、云海；湖区舍身岩下的白水湖景区形势险峻，奇景众多，与正在实施的龙爪河引水工程连为一体，形成十里长湖，成为川南最具特色的避暑、度假、旅游的理想圣地。,7:30-18:30,,5.0,,,8元,,2,泸州,14
民权国家森林公园,http://travel.qunar.com/p-oi38961074-minquanguojiasenlingong,,,,,5.0,,,,,4,商丘,13
动物标本博物馆,http://travel.qunar.com/p-oi37806568-dongwubiaobenbowuguan,,动物标本博物馆里面有恐龙化石，各种各样的动物标本，逼真的动物音效，适合带孩子来游玩学习。,,,5.0,建议游览时间：1小时 - 2小时,,具体收费情况以现场公示为主,,1,德州,13
昭阳区守望乡宋家山,http://travel.qunar.com/p-oi39600117-zhaoyangqushouwangxiang,,,,,5.0,,,,,2,昭通,13
淮北四季榴园,http://travel.qunar.com/p-oi38932862-huaibeisijiliuyuan,,,,,5.0,,,,,1,淮北,13
大桂山,http://travel.qunar.com/p-oi713277-daguishan,"

地址:
平南县东，在平南与藤县交界处，距县城约20公里


电话:
 0774-5035151

",大桂山风景区位于平南县东，在平南与藤县交界处，距县城约20公里，有简便公路直通景区，由丹竹镇往东平水库，乘船亦可达景区腹地大桂山风景区，由大桂峡谷(俗称石巷)和峡谷附近的天然森林公园两个主景点，以及附近的东平水库库区、大桂林场、团罗茶场等景点组成。大桂峡谷在大桂山最深处，长约8公里，高约30米，两边是陡立的石壁，峡谷最窄处仅两三米宽，谷底为石面，泉水在石面上涓涓而流。人在峡谷穿行，踏着清凉的泉水，仰望崖壁，可见到各种绿藤怪树，奇草野花，还可听到各种陌生...大桂山风景区位于平南县东，在平南与藤县交界处，距县城约20公里，有简便公路直通景区，由丹竹镇往东平水库，乘船亦可达景区腹地大桂山风景区，由大桂峡谷(俗称石巷)和峡谷附近的天然森林公园两个主景点，以及附近的东平水库库区、大桂林场、团罗茶场等景点组成。大桂峡谷在大桂山最深处，长约8公里，高约30米，两边是陡立的石壁，峡谷最窄处仅两三米宽，谷底为石面，泉水在石面上涓涓而流。人在峡谷穿行，踏着清凉的泉水，仰望崖壁，可见到各种绿藤怪树，奇草野花，还可听到各种陌生的鸟儿在山上发出悦耳的叫声。大桂山除了秀丽奇险的自然风景外，还有近十多年来地方政府及集体、个人投资开发的大面积的经济林和连片的茶场，经济林约为40000多亩，以玉桂、龙眼、荔枝、柑桔和竹子为主。茶场约6000多亩，是获得广西区优产品称号的团罗茶生产基地，苍翠的茶林象绿色的腰带，一道道绕在山坡上。春夏晴和，采茶女散落在茶场里，鲜艳的服饰飘动在万绿丛中，偶有山歌悠扬而起，更使游人留连忘返。,8:00-17:00,,5.0,,,,,1,贵港,13
资兴观澜书院,http://travel.qunar.com/p-oi38876658-zixingguanlanshuyuan,,,,,5.0,,,,,1,郴州,13
开河寺Kaihe Temple,http://travel.qunar.com/p-oi709031-kaihesi,,开河寺位于平定县乱流村西的魁头山腹，这里山峰突兀，松柏参天。此寺创建于北魏永平三年（510）。寺内有上、中、下三龛，大小佛像百余尊，佛像大者高4.4米，小者仅高0.12米，其造像风格和神态与大同云冈石窟佛像如出一辙，故有“三晋小云冈”之称。,,https://img1.qunarzz.com/travel/poi/1803/3b/352d1423d6b85537.jpg_480x360x95_c468cda5.jpg,5.0,建议游览时间：1小时,,具体收费情况以现场公示为主,,1,阳泉,13
董氏砖雕墓,http://travel.qunar.com/p-oi703881-dongshizhuandiaomu,,在山西侯马市西北郊基建工地发现，1959年和1969年，分别迁于山西考古研究所候马工作站院内。墓主人一名董海，一名董明，先后于金明昌七年（1196年）和大安二年（1210年）埋葬。均为仿木构砖雕墓，平面皆方形。董海墓为前后两室，系我国北方地区传统的四合院形制。结构复杂，比例适当，磨砖对缝，手法严谨，墓室内壁雕刻有翎毛花卉，八仙人物，戏剧故事以及飞马、奔鹿、走狮等动物，琳琅满目，华丽似锦，具有很高的建筑与雕刻艺术价值。董明墓的北壁，砌有一座小戏台及生、末、净、旦、...在山西侯马市西北郊基建工地发现，1959年和1969年，分别迁于山西考古研究所候马工作站院内。墓主人一名董海，一名董明，先后于金明昌七年（1196年）和大安二年（1210年）埋葬。均为仿木构砖雕墓，平面皆方形。董海墓为前后两室，系我国北方地区传统的四合院形制。结构复杂，比例适当，磨砖对缝，手法严谨，墓室内壁雕刻有翎毛花卉，八仙人物，戏剧故事以及飞马、奔鹿、走狮等动物，琳琅满目，华丽似锦，具有很高的建筑与雕刻艺术价值。董明墓的北壁，砌有一座小戏台及生、末、净、旦、丑五个戏俑，生动活泼，维妙维肖，是我国早期戏剧表演艺术的再现，为研究宋金戏剧提供了宝贵的资料。,,,5.0,,,,,3,临汾,12
雪岭云杉自然保护区,http://travel.qunar.com/p-oi702378-xuelingyunshanziranbao,"

地址:
新疆伊犁地区巩留县东南60千米

",,9:00-17:00,https://img1.qunarzz.com/travel/poi/1408/20/5e591bf183934183ffffffffc8d65eac.jpg_480x360x95_0c817e06.jpg,5.0,建议游览时间：2小时,,30元,,4,伊犁,12
响洪甸,http://travel.qunar.com/p-oi701638-xianghongdian,,位于西淠河流域，主要风景有响洪甸水库、齐山、莲花山等处。响洪甸水库：响洪甸水库坐落在响洪甸镇驻驾湾村的西淠河上，坝型为半径同心圆混凝土重力坝，坝高875米，弧长304米，横臣于苍山云海之间，库区通航里程多20公里，烟波浩渺、碧水千里、两岸山峰峙，重峦迭翠被誉为皖西的“小桂林”。齐 山：在库区的响齐办事处、响洪甸镇之间，一面依山，三面环水。《六安州志称》：齐山因“顶峰而平，故名”。齐山拥雾，旧为六安州八景之一。,,,5.0,,,,,2,六安,12
艾雅康鸟类生态博物馆,http://travel.qunar.com/p-oi39036238-aiyakangniaoleishengtai,,“艾雅康鸟类生态博物馆”是世界首个以鸟文化为主题的博物馆。是世界生态组织鸟类生态科普基地和中国青少年鸟类科普实践教育基地。博物馆从“文化科普性、科技娱乐性、展示艺术性、生态教育性、商业体验性”五个维度，运用当代全球最先进的声光电和人机交互等高科技手段，将世界珍稀鸟类惟妙惟肖地展示在观众面前。场馆分10个主题展厅，依次是：鸟文化主旨大厅、鸟类进化之路、岩洞神鸟传说、飞鸟意境殿堂、穿越时空隧道、遨游天空之旅（ AR 人机互动）、万鸟光影神庙、羽诉千古情缘、逐梦艺术空间、魔术娱乐互动等。徜徉其间，观众会了解鸟类演化历程、鸟类基本知识及当下鸟类生存状态，并通过体验互动和文创产品的品赏，在趣味性游玩中不知不觉地增长知识，从而产生保护鸟类保护自然的生态意识，与“鸟王”艾雅康一起，去践行“绿水青山”伟大思想，让我们的生活永远是鸟语花香。朋友，欢迎你的到来！,,,5.0,建议游览时间：2小时 - 3小时,,,,4,凉山,12
和田胡杨林Hetian Populus Euphratica,http://travel.qunar.com/p-oi713128-hetianhuyanglin,"

地址:
新疆维吾尔自治区于田县塔里木河畔

",胡杨林公园位于新疆轮台县境内的塔里木河畔。这里生长着大量的原始胡杨林。秋季，一片片金黄色的胡杨陪伴着沙漠，自然景色美极了。主要以胡杨林为依托、沙漠公路穿其而过之优势，开发出面积500余公顷的旅游带。公园里胡杨林、沙滩、湖泊，惹来无数中外旅客前来玩赏。,全天,https://img1.qunarzz.com/travel/d5/1510/fb/ad4495b260966.jpg_480x360x95_78b65692.jpg,5.0,建议游览时间：3天,,免费,,1,和田,12
贾平凹故居,http://travel.qunar.com/p-oi706071-jiapingaoguju,"

地址:
陕西省商洛市丹凤县内

",棣花又是丹凤籍著名作家贾平凹的故乡。 当年二郎庙前有一魁星楼，魁星之笔尖恰恰指到贾平凹家房脊， 故乡人传说平凹是魁星点出的“商山文曲星”。,全天,https://img1.qunarzz.com/piao/fusion/1508/78/6286170dbd4819.jpg_480x360x95_a8b51a39.jpg,5.0,,,免费,,2,商洛,12
东大塘,http://travel.qunar.com/p-oi3864501-dongdatang,"

地址:
新疆维吾尔自治区塔城地区沙湾县


电话:
0901-31826

",东大塘风景区 是国家A级旅游景区，位于天山深处，依连哈比尔尕山北麓，东临设合资，据沙湾县城80余公里。奇特的天山草原风光，壮观的石山大佛，纯朴的哈萨克牧民，古老的游牧生活，浓郁的草原文化气息和源远流长的佛教文化是这里的主要特色。　　东大塘历史上就有佛教文化较为发达的记载，近年来景区借助这一优势，积极开展佛教文化旅游，在悬崖上人工雕刻了一座大佛，成为吸引游客的一个重要人文景观。,8：00-18：00,,5.0,,,15元,,1,塔城,12
娄底大江口景区Loudi Dajiangkou Scenic Resort,http://travel.qunar.com/p-oi710014-loudidajiangkoujingqu,"

地址:
湄江

",,全年 8:00-18:30,https://img1.qunarzz.com/travel/d8/1609/42/3fa189518d833cb5.jpg_480x360x95_5f0e1a53.jpg,5.0,,,具体收费情况以现场公示为主,,1,娄底,12
首阳山,http://travel.qunar.com/p-oi714622-shouyangshan,"

地址:
甘肃省定西市渭源县莲峰镇

",首阳山位于渭源县东南34公里的莲峰乡享堂沟，海拔在2186-2509米之间，因其列群山之首，阳光先照而得名。首阳山因商未周初孤竹国（今河北庐龙县）君之二子伯夷、叔齐相让嗣君，相偕至周，后闻武王伐纣，叩马谏阴。因武王不听，遂愤而不食周粟，西行至首阳山，采薇而食，后饿死于首阳山而成为陇右名山。秦汉在此建县时就名首阳县了。渭源首阳山最早见于庄子所言伯夷、叔齐西至岐阳，见周武王伐殷曰：吾闻古之士，遭治世还避其任，遇乱世不为苟存，今天下暗，周德衰，其并乎周以涂吾身...首阳山位于渭源县东南34公里的莲峰乡享堂沟，海拔在2186-2509米之间，因其列群山之首，阳光先照而得名。首阳山因商未周初孤竹国（今河北庐龙县）君之二子伯夷、叔齐相让嗣君，相偕至周，后闻武王伐纣，叩马谏阴。因武王不听，遂愤而不食周粟，西行至首阳山，采薇而食，后饿死于首阳山而成为陇右名山。秦汉在此建县时就名首阳县了。渭源首阳山最早见于庄子所言伯夷、叔齐西至岐阳，见周武王伐殷曰：吾闻古之士，遭治世还避其任，遇乱世不为苟存，今天下暗，周德衰，其并乎周以涂吾身也，不若逊之，以洁吾行二子北至于首阳之山，遂饥饿而死。又东汉经文学家曹大家（即班昭）注《幽通赋》说：夷齐饿于首阳山在陇西首阳。渭源在秦末汉初建县，就名首阳县，归陇西郡管辖，县以山得名。直到西魏文帝大统十七年（公元551）始改名渭源县。据此看来，渭源首阳山得名最早，历史悠久，为夷齐隐居采蕨直至饿死的最确首阳山。首阳山西北侧有石门，因两座石崖东西对峙，间开一线，形似石门而得名。石门夜月为当地一景。两崖之间有一水库，容量500多万立方米，是一处理想的水上乐园。水库后面为长十五里的天井峡谷，这里座座陡峭的山崖相对挺立，四山合围，蓝天变成一条细线，人如处井底，其地势恰似一大锯解开的板缝，故此当地俗称解板沟。天井峡山奇水美，恰似仙境，有鬼斧神工的自然造型27处景点。沿十五里天井画廊，到处充满着奇、险、壮、绝、清、秀、幽、静、古、野之情趣。如从县城向南行直抵天井峡，约有20多公里路程。,09:00-17:00,https://img1.qunarzz.com/travel/d5/1510/98/3f55b9c8ca110f.jpg_480x360x95_82907aca.jpg,5.0,,,25元,,1,定西,12
皇藏峪,http://travel.qunar.com/p-oi705185-huangzangyu,"

地址:
安徽省宿州市萧县龙岗山


电话:
0557-5960266

",皇藏峪位于萧县东南20余公里的龙岗山中，为山东古老丘陵的延伸部分，山脉大致南北走向，最高峰海拔374米，一般为100―300米，相对高度20―30米，山顶平缓，山坡较陡。， 黄藏峪原名黄桑峪，因峪内长满黄桑树而得名。汉高祖刘帮称帝前曾因避秦兵追捕而藏身于此，故改名皇藏峪。《汉书地理志》记载：“汉高祖微时常隐芒、砀山间，即此山有皇藏峪，汉高祖避难处”。 皇藏峪为陶墟山系南部的剥蚀低山丘陵，山岩为石灰岩体，有许多天然洞穴及井泉、山石景观）四周峰峦层叠，涧水淙淙。峪中...皇藏峪位于萧县东南20余公里的龙岗山中，为山东古老丘陵的延伸部分，山脉大致南北走向，最高峰海拔374米，一般为100―300米，相对高度20―30米，山顶平缓，山坡较陡。， 黄藏峪原名黄桑峪，因峪内长满黄桑树而得名。汉高祖刘帮称帝前曾因避秦兵追捕而藏身于此，故改名皇藏峪。《汉书地理志》记载：“汉高祖微时常隐芒、砀山间，即此山有皇藏峪，汉高祖避难处”。 皇藏峪为陶墟山系南部的剥蚀低山丘陵，山岩为石灰岩体，有许多天然洞穴及井泉、山石景观）四周峰峦层叠，涧水淙淙。峪中天然森林三千多亩，有146种树木和六百多种草药。在平畴千里的淮北大地，有此高峰幽谷，实为难得，乃是徐淮地区游人间往之地。,8:00-17:00,,5.0,,,20元,,1,宿州,12
南寺头清真寺Nansitou Mosque,http://travel.qunar.com/p-oi714301-nansitouqingzhensi,,位于大厂回族自治县南寺头村西。始建于明朝中叶，至今有五百年左右的历史。据传，明朝永乐年间，回族杨氏先人杨国忠在三河县任职，后定居南寺头。该寺既有传统艺术的特点，又有浓厚的阿拉伯建筑艺术色彩，原有殿、堂、厅四十七间，其规模之大在京东颇享盛名。,,https://img1.qunarzz.com/travel/poi/1708/8e/13d3842195a87837.jpg_480x360x95_3c171c9f.jpg,5.0,建议游览时间：1小时,,具体收费情况以现场公示为主,,1,廊坊,12
北塔寺,http://travel.qunar.com/p-oi707574-beitasi,"

地址:
四川德阳市


电话:
0838-028 86657308

",关于中江白塔寺在中江民间流传着一个优美的故事。传说，宋代有兄妹一人修道得法，神通广大。一日，兄妹云游至中江，正值江河洪水泛滥灾祸连绵。为了拯救百姓，兄妹决定各建塔寺镇水，保一方平安。他们议定：兄建灵皈寺，妹建北山塔，为了不让凡人看见，都在鸡叫前把塔和寺建成。兄妹俩各施法术，连夜动手建造。兄长做事粗心，忙天慌地把寺建好，就到北山去看妹建塔。他见妹正在建成的塔顶上装点奇花异草，知道妹的本领已超过自己，顿起嫉妒之心，便学雄鸡啼鸣。妹听见鸡叫，吓得身子...关于中江白塔寺在中江民间流传着一个优美的故事。传说，宋代有兄妹一人修道得法，神通广大。一日，兄妹云游至中江，正值江河洪水泛滥灾祸连绵。为了拯救百姓，兄妹决定各建塔寺镇水，保一方平安。他们议定：兄建灵皈寺，妹建北山塔，为了不让凡人看见，都在鸡叫前把塔和寺建成。兄妹俩各施法术，连夜动手建造。兄长做事粗心，忙天慌地把寺建好，就到北山去看妹建塔。他见妹正在建成的塔顶上装点奇花异草，知道妹的本领已超过自己，顿起嫉妒之心，便学雄鸡啼鸣。妹听见鸡叫，吓得身子一歪，手中花草抛向凯江，这些花草后来成为中江的特产菊花石，而北塔也随着妹妹的身子长期倾斜。妹舍不得她建的北塔，时常白衣素装，盘膝端坐塔中修炼，得成正果。百姓为了消灾免难，也常到北塔山上去叩见仙姑，请求保佑。因感应十分灵验，后来人们称她为白衣观音，又称她为白塔仙姑。以后每逢正月十一（白塔仙姑生日）和六月十一（白塔仙姑得道日），北塔山上下人山人海，方圆几百里的人们从四面八方赶来，瞻仰仙塔雄姿，祈祷保佑平安，恳求消灾免难。宋末元初，人们曾在北塔山脚下建寺院，内塑白衣观音像，定名白塔寺。后来寺院毁于战乱。1993年，中江县为落实宗教政策，批准复修白塔寺。仅两年多时间，一座崭新的仿古建筑群拔地而起，其规模之大，速度之快，无不令人交口赞叹。仅三年多时间，一座建有五重殿、三幢生活楼、七个亭阁（包括钟鼓楼），总建筑面积5850平方米，规模宏大的仿古建筑群迅速落成。目前，寺院整体气势雄伟，金碧辉煌；寺内雕梁画栋，匾、对林立，庭院开阔，花木丛生，廊回梯连，使游人至此往往流连忘返。 　,9：00－11：00，13：00－16：30，周一、四不开放,https://img1.qunarzz.com/travel/d3/1712/3f/68b849ae786647b5.jpg_480x360x95_80310c38.jpg,5.0,,,10元,,1,德阳,12
老秃顶自然保护区,http://travel.qunar.com/p-oi706693-laotudingziranbaohuqu,"

地址:
中国辽宁省本溪市桓仁县境内

",老秃顶是“辽宁屋脊”，省级自然保护区。位于桓仁县境内，属长白山脉。主峰海拔一千三百二十五公尺，面积七万二千亩，山顶气候寒冷，草木低矮，似龙爪状，故名老秃顶，但山腰森林茂密，有原始林。林中，有柞、桦、楸、椴、松、枫、槐、曲柳等树种，木材蓄积量约十万立方米。峻岭丛林之中有野猪、狐狸、狍、獾、黑熊、戴腾鸟等珍贵动物，人参、党参、细辛、五味子等多种多贵中药材和各种山菜、山果。一九三五年，东北著名抗日英雄杨靖宇曾在这里建立根据地，遗址尚存。,8：00—18：00,https://img1.qunarzz.com/travel/d4/1501/8c/0815bfa1a85d42.jpg_480x360x95_ee5af249.jpg,5.0,,,40元,,1,本溪,12
黄河大峡景区,http://travel.qunar.com/p-oi36792685-huanghedaxiajingqu,,黄河大峡景区位于白银区水川镇西峡口村—皋兰县什川镇小峡之间，峡谷全长31.5公里。千里波涛越兰州、过小峡、穿大峡，直入白银区水川镇。大峡电厂将狂奔不羁的河水拦腰斩断，大峡电站依山而建，乘船荡漾在库区内，两边石崖高耸，水色碧蓝，风景怡人，仿佛“高峡出平湖”的感觉。,,,5.0,,,游船自费。,,2,白银,12
古龙山峡谷群风景区,http://travel.qunar.com/p-oi707451-gulongshanxiaguqunfeng,"

地址:
广西百色靖西县湖润镇新灵村


电话:
0775-6180315

","古龙山峡谷群景区坐落在靖西县东南的湖润镇新灵村境内，与通灵峡谷景区毗邻，属自治区级古龙山水源林保护区实验区范围，南宁--大新--靖西--云南富宁二级公路（20315省道）从景区中间穿过，距靖西县城30公里，离南宁238公里，对外交通便捷.景区可分为地文景观、水域景观、生物景观、和人文旅游资源。主要包括古劳峡、新灵峡、新桥峡、三叠岭瀑布、新桥瀑布、古南瀑布、水帘洞、暗河漂流等景点。景区属北热带山地气候，气候温和年平均气温21摄氏度；一月份平均气温13.1摄氏度,累年极端...古龙山峡谷群景区坐落在靖西县东南的湖润镇新灵村境内，与通灵峡谷景区毗邻，属自治区级古龙山水源林保护区实验区范围，南宁--大新--靖西--云南富宁二级公路（20315省道）从景区中间穿过，距靖西县城30公里，离南宁238公里，对外交通便捷.景区可分为地文景观、水域景观、生物景观、和人文旅游资源。主要包括古劳峡、新灵峡、新桥峡、三叠岭瀑布、新桥瀑布、古南瀑布、水帘洞、暗河漂流等景点。景区属北热带山地气候，气候温和年平均气温21摄氏度；一月份平均气温13.1摄氏度,累年极端低温极值为零下0.2摄氏度,7月份平均气温27摄氏度,极端高温38 摄氏度.年降水量为1631毫米,4-9月为雨季,占全年降水量的85%以上.地域位于古生代的石灰岩地层，大部分属岩溶峰丛（林）山区，东南部为深切河谷丘陵地貌，地形复杂，土石山交错，为丘陵至中山。最高山峰为古龙山，海拔1034.8米。最低海拔264.5米，海拔大多在500-800米之间，属中山地貌。整个地形处于湖润谷地与靖西台地的转折地貌裂点，形成三叠岭等，西北有东南高差达300多米，由于附近连续五处峡谷深切，暗河棋布，故称“峡谷群”景区内的水资源丰富，主要河流有逻水、古劳河、流祝河三条水系。植物资源丰富，现有森林351.5平方公顷,灌木林431.6平方公顷,森林覆盖率达65.76%.各种动植物约800种,中间不少属于国家保护的珍稀动植物 。",8:00-18:00,https://img1.qunarzz.com/travel/d8/1711/61/f259028dbb4a94b5.jpg_480x360x95_47ace555.jpg,5.0,,,"全程游览门票138元/人,半程游览门票68元/人",,3,百色,12
上堡梯田Shangbao terrace,http://travel.qunar.com/p-oi9627241-shangbaotitian,,上堡梯田位于面积148平方公里的上堡乡海拔1741米的赣南地区第二高峰的华仙峰周围。上万亩梯田就散落在华仙峰周围的南流、良和、赤水一带，梯田的垂直落差近千米，位置最高的田块在海拔1260米处。有的梯田从高到低不断延续，竟然达百层之多，就像一条条长梯，架搭在山间岭谷，特别是在水南村，周围的梯田，高高低低，层层叠叠，涌向天际，令人叹为观止。,,https://tr-osdcp.qunarzz.com/tr-osd-tr-manager/img/bd41f03cf64574cc2a4bae0dacdb0e7a.jpeg_480x360x95_502a2e56.jpeg,5.0,,,门票10元,,1,赣州,12
火山堰塞湖观光区,http://travel.qunar.com/p-oi719807-huoshanyansaihuguanguang,,“名山如画屏，珠带五湖清”。当新期火山喷发时，熔岩流以其排山倒海之势，把古老的白河河道截成五个串珠状湖泊，总面积丰水期时为45平方公里，仅三池子就有21.5平方公里，是我国第二大火山堰塞湖。因为有地下矿泉水的补充，所以终年不枯竭，是一个地下涌泉矿水湖，它由几百个泉眼组成没有大量的地表水流入，所以它的矿泉鱼才堪称一绝这里的五个池子色彩和形态各异，池岸曲线变化丰富，和周围广阔的熔岩台地相映衬，在群山的怀抱中，更显得风姿卓约。在五大连池里还有一种奇特的倒鳞鱼...“名山如画屏，珠带五湖清”。当新期火山喷发时，熔岩流以其排山倒海之势，把古老的白河河道截成五个串珠状湖泊，总面积丰水期时为45平方公里，仅三池子就有21.5平方公里，是我国第二大火山堰塞湖。因为有地下矿泉水的补充，所以终年不枯竭，是一个地下涌泉矿水湖，它由几百个泉眼组成没有大量的地表水流入，所以它的矿泉鱼才堪称一绝这里的五个池子色彩和形态各异，池岸曲线变化丰富，和周围广阔的熔岩台地相映衬，在群山的怀抱中，更显得风姿卓约。在五大连池里还有一种奇特的倒鳞鱼生长，鱼鳞有五分之四是倒着长的。那么倒鳞鱼是怎么来的呢？到目前为止还是一个没有解开的迷。游览火山堰塞湖观光区，可从城区内的石龙河水上风景线的船站出发，乘船向北经8华里石龙河水上风景线到达一池溢出口瀑布，然后徒步几百米到达一池船站换乘豪华游船，依次向北游览一池、二池、三池或四池、五池，午间可在三池鱼村就餐，然后乘车返回城区。,,https://img1.qunarzz.com/travel/d8/1610/ea/40dadb42aefff0b5.jpg_480x360x95_59547df9.jpg,5.0,,,,,1,黑河,12
天宝山,http://travel.qunar.com/p-oi9149819-tianbaoshan,,"清咸丰年间，为避匪祸，近处村民在山上构筑围寨，贼寇屡次来攻，在危急时刻，似有天公相助，其他山寨具破，惟此山寨巍然屹立，村民遂改名“天保山”现名天宝山及天保山的谐音。周围方圆20多平方公里,峰峦起伏,山清水秀，花果遍地，风光旖旎。在八十年代末，其中的九间棚村奋发图强，自力更生，把一个坐落在山顶上的小村庄建设得花团锦簇，有模有样的，引得四面八方前来参观学习，一时间名闻遐迩。然而天宝山的出名，最早却是因为它是山东黄梨集中产地之一，素有黄梨之乡的美誉。其间最...清咸丰年间，为避匪祸，近处村民在山上构筑围寨，贼寇屡次来攻，在危急时刻，似有天公相助，其他山寨具破，惟此山寨巍然屹立，村民遂改名“天保山”现名天宝山及天保山的谐音。周围方圆20多平方公里,峰峦起伏,山清水秀，花果遍地，风光旖旎。在八十年代末，其中的九间棚村奋发图强，自力更生，把一个坐落在山顶上的小村庄建设得花团锦簇，有模有样的，引得四面八方前来参观学习，一时间名闻遐迩。然而天宝山的出名，最早却是因为它是山东黄梨集中产地之一，素有黄梨之乡的美誉。其间最负盛名的，要数天宝山西麓的大峪沟，民间曾有评价说：“两个济宁州，赶不上一个大峪沟”",,https://img1.qunarzz.com/travel/poi/1512/66/89585267a2691df7.jpg_480x360x95_ebc32a51.jpg,5.0,,3月-7月最佳。 临沂气候为暖温带季风大陆型气候，四季分明，雨量充沛，气侯温和，夏季气温较高，炎热而多雷雨；冬季寒冷，最低可达零下11.1℃，晴好天气较多，雨雪天气较少，但干燥而寒冷；春季回暖快，少雨，但偶尔略有大风；秋季凉爽宜人，适合出游。,,,1,临沂,11
红石崖国家生态公园,http://travel.qunar.com/p-oi38920886-hongshiyaguojiashengtai,,红石崖国家生态公园坐落于大青山北，东临察右中旗 ，南接呼和浩特新城区，西靠武川县，北邻四子王旗。占地面积十万多亩，牧场拥有羊3000多只、牛500多头、马200多匹、骆驼100多峰，牦牛100多头还有六千亩梅花鹿场。红石崖国家生态公园如绿色的海洋波涛万顷。可谓是天苍苍野茫茫，风吹草低见牛羊，蓝天白云犹如绚丽的油画，让人心旷神怡，是游客体验大自然、体验草原生态文化的天然基地。,,,5.0,,,,,3,乌兰察布,11
